Date,Open,High,Low,Close,Volume
2014-01-02,32.46,32.5,32.24,32.29,30632200
2014-01-03,32.33,32.35,31.81,32.08,31134800
2014-01-06,32.02,32.06,31.38,31.4,43603700
2014-01-07,31.57,31.71,31.47,31.64,35802800
2014-01-08,31.29,31.41,30.92,31.08,59971700
2014-01-09,31.18,31.21,30.76,30.88,36516300
2014-01-10,31.2,31.42,31.07,31.32,40548800
2014-01-13,31.28,31.3,30.27,30.4,45901900
2014-01-14,30.18,31.18,30.09,31.09,41623300
2014-01-15,31.2,31.97,31.15,31.95,44812600
2014-01-16,31.88,32.15,31.55,32.06,38018700
2014-01-17,32.01,32.01,31.42,31.62,46267500
2014-01-21,32.0,32.0,31.34,31.43,31567300
2014-01-22,31.51,31.56,31.07,31.22,21904300
2014-01-23,31.36,31.4,30.87,31.34,43954000
2014-01-24,32.55,32.63,31.75,31.99,76395500
2014-01-27,32.04,32.06,31.27,31.31,44420800
2014-01-28,31.39,31.62,31.07,31.52,36205500
2014-01-29,31.27,32.05,31.2,31.86,52745900
2014-01-30,31.97,32.05,31.48,32.03,35036300
2014-01-31,32.11,32.93,31.77,32.88,93162300
2014-02-03,32.8,33.01,31.66,31.7,64063100
2014-02-04,32.13,32.32,31.5,31.59,54697900
2014-02-05,31.54,31.69,31.11,31.13,55814400
2014-02-06,31.11,31.5,31.02,31.44,35351800
2014-02-07,31.56,31.8,31.29,31.77,33260500
2014-02-10,31.83,31.98,31.54,31.98,26767000
2014-02-11,32.05,32.38,32.03,32.3,32141400
2014-02-12,32.46,32.68,32.41,32.56,27051800
2014-02-13,32.44,32.9,32.44,32.68,37635500
2014-02-14,32.49,32.83,32.44,32.69,31407500
2014-02-18,32.95,33.08,32.75,32.76,32834000
2014-02-19,32.59,33.05,32.58,32.84,29750400
2014-02-20,32.89,33.16,32.75,33.05,27526100
2014-02-21,33.22,33.58,33.15,33.25,38021300
2014-02-24,33.0,33.25,32.87,33.0,32085100
2014-02-25,32.93,33.14,32.7,32.87,30736500
2014-02-26,32.9,33.04,32.56,32.81,41041800
2014-02-27,32.79,33.17,32.6,33.15,33903400
2014-02-28,33.25,33.67,33.11,33.54,41215000
2014-03-03,33.2,33.38,32.82,33.08,29717500
2014-03-04,33.45,33.69,33.33,33.63,26802400
2014-03-05,33.49,33.51,33.21,33.37,20520100
2014-03-06,33.39,33.48,33.17,33.4,23582200
2014-03-07,33.52,33.59,33.0,33.18,26591600
2014-03-10,33.26,33.28,33.03,33.11,19006600
2014-03-11,33.16,33.47,33.03,33.29,25216400
2014-03-12,33.1,33.65,33.09,33.51,30494100
2014-03-13,33.64,33.66,32.96,33.17,32169700
2014-03-14,32.96,33.39,32.84,33.01,27195600
2014-03-17,33.18,33.63,33.09,33.31,20479600
2014-03-18,33.5,34.93,33.46,34.63,64063900
2014-03-19,34.56,34.63,34.07,34.38,35597200
2014-03-20,34.37,35.59,34.36,35.31,59269800
2014-03-21,35.65,35.84,35.03,35.16,80721800
2014-03-24,35.32,35.58,34.9,35.46,46098400
2014-03-25,35.6,35.89,34.99,35.32,43193100
2014-03-26,35.44,35.64,34.67,34.84,41977500
2014-03-27,34.79,35.0,34.44,34.46,35369200
2014-03-28,34.84,35.58,34.74,35.28,43472700
2014-03-31,35.4,36.34,35.37,35.89,46886300
2014-04-01,36.03,36.41,35.96,36.27,32605000
2014-04-02,36.28,36.48,36.05,36.2,28666700
2014-04-03,36.15,36.15,35.64,35.91,30139600
2014-04-04,36.12,36.24,34.71,34.91,51409600
2014-04-07,34.99,35.26,34.79,34.85,37559600
2014-04-08,34.8,34.96,34.32,34.86,35918600
2014-04-09,34.96,35.5,34.92,35.43,27398700
2014-04-10,35.41,35.63,34.23,34.46,45960800
2014-04-11,34.15,34.84,34.15,34.33,34330200
2014-04-14,34.24,34.51,34.06,34.3,32006600
2014-04-15,34.44,34.99,34.19,34.8,33968700
2014-04-16,35.07,35.39,34.94,35.37,30615800
2014-04-17,35.03,35.2,34.59,35.03,36688400
2014-04-21,35.14,35.15,34.84,34.97,22221200
2014-04-22,34.99,35.14,34.87,35.01,27056700
2014-04-23,35.01,35.01,34.56,34.75,24602800
2014-04-24,34.79,35.0,34.41,34.9,42381600
2014-04-25,35.28,35.62,34.8,34.94,56876800
2014-04-28,35.14,36.15,35.1,35.78,50610200
2014-04-29,35.98,36.06,35.36,35.47,29636200
2014-04-30,35.37,35.46,35.17,35.37,35458700
2014-05-01,35.23,35.34,34.98,35.02,28787400
2014-05-02,35.29,35.32,34.72,34.75,43416600
2014-05-05,34.6,34.71,34.41,34.52,22460900
2014-05-06,34.4,34.45,34.1,34.2,27112400
2014-05-07,34.34,34.59,33.72,34.51,41744500
2014-05-08,34.44,34.93,34.12,34.71,32120400
2014-05-09,34.62,34.89,34.47,34.62,29647600
2014-05-12,34.79,35.04,34.72,35.0,22782600
2014-05-13,35.2,35.71,35.14,35.64,27004800
2014-05-14,35.53,35.67,35.31,35.48,18818700
2014-05-15,35.35,35.62,34.84,34.92,37793200
2014-05-16,34.98,35.13,34.63,35.12,29867100
2014-05-19,34.93,35.11,34.79,35.05,24537400
2014-05-20,34.99,35.22,34.79,34.99,21320900
2014-05-21,35.09,35.58,35.04,35.58,22398700
2014-05-22,35.52,35.58,35.14,35.36,20201800
2014-05-23,35.6,35.6,35.27,35.37,18020000
2014-05-27,35.5,35.5,35.1,35.44,26160600
2014-05-28,35.39,35.44,35.11,35.28,25711500
2014-05-29,35.4,35.58,35.19,35.57,19888200
2014-05-30,35.67,36.12,35.49,36.1,34567600
2014-06-02,36.11,36.23,35.87,35.97,18504300
2014-06-03,35.8,35.87,35.49,35.52,18068900
2014-06-04,35.45,35.6,35.15,35.55,23209000
2014-06-05,35.79,36.37,35.62,36.34,31865200
2014-06-06,36.57,36.73,36.36,36.57,24060500
2014-06-09,36.49,36.57,36.17,36.39,15019200
2014-06-10,36.18,36.29,36.03,36.25,15117700
2014-06-11,36.09,36.21,35.95,36.03,18040000
2014-06-12,35.98,36.04,35.52,35.78,29818900
2014-06-13,36.24,36.65,36.03,36.35,26310000
2014-06-16,36.19,36.69,36.19,36.59,24205300
2014-06-17,36.41,36.95,35.57,36.75,22518600
2014-06-18,36.69,36.8,36.31,36.72,27097000
2014-06-19,36.65,36.83,36.44,36.6,19828200
2014-06-20,36.55,36.88,36.49,36.75,47764900
2014-06-23,36.79,37.03,36.76,37.02,18743900
2014-06-24,36.88,36.98,36.64,36.81,26509100
2014-06-25,36.77,37.08,36.56,37.06,20049100
2014-06-26,36.97,36.98,36.53,36.79,23604400
2014-06-27,36.69,37.29,36.6,37.25,74640000
2014-06-30,37.18,37.22,36.77,36.77,30793100
2014-07-01,36.91,37.16,36.76,36.92,26917000
2014-07-02,36.79,36.94,36.62,36.94,20208100
2014-07-03,36.95,37.02,36.64,36.86,15969300
2014-07-07,36.81,37.14,36.78,37.02,21952400
2014-07-08,36.92,37.03,36.69,36.84,31218200
2014-07-09,37.01,37.02,36.62,36.74,18445900
2014-07-10,36.48,37.03,36.19,36.76,21854700
2014-07-11,36.77,37.11,36.57,37.11,24083000
2014-07-14,37.23,37.43,37.07,37.16,21881100
2014-07-15,37.32,37.45,37.06,37.43,28748700
2014-07-16,37.48,39.07,37.46,38.87,63318000
2014-07-17,40.07,40.3,39.02,39.26,82180300
2014-07-18,39.37,39.54,39.02,39.4,43407500
2014-07-21,39.29,39.82,38.99,39.54,37604400
2014-07-22,39.68,39.81,39.32,39.53,43095800
2014-07-23,40.07,40.07,39.34,39.56,52362900
2014-07-24,39.62,39.68,39.08,39.15,30725300
2014-07-25,39.06,39.38,39.06,39.24,26737700
2014-07-28,39.11,39.25,38.73,38.77,29684200
2014-07-29,38.72,38.88,38.48,38.7,27763100
2014-07-30,38.86,38.88,38.17,38.43,31921400
2014-07-31,38.25,38.52,37.98,38.06,31537500
2014-08-01,38.1,38.13,37.56,37.79,31170300
2014-08-04,37.89,38.33,37.75,38.24,34277400
2014-08-05,38.19,38.32,37.76,37.98,26266400
2014-08-06,37.68,38.06,37.22,37.68,24634000
2014-08-07,37.77,38.31,37.61,38.12,30314900
2014-08-08,38.12,38.2,37.83,38.09,28942700
2014-08-11,38.14,38.31,37.93,38.09,20351600
2014-08-12,37.95,38.43,37.91,38.37,21431100
2014-08-13,38.51,38.95,38.37,38.87,22889500
2014-08-14,38.87,39.17,38.8,39.03,19313200
2014-08-15,39.31,39.59,39.15,39.49,41611300
2014-08-18,39.62,39.77,39.4,39.77,26891100
2014-08-19,39.9,40.23,39.77,40.22,28139500
2014-08-20,40.23,40.28,39.84,39.88,24770500
2014-08-21,39.78,40.15,39.77,40.12,22285500
2014-08-22,40.24,40.34,39.99,40.06,18294500
2014-08-25,40.28,40.32,39.96,40.08,16910000
2014-08-26,40.2,40.28,39.87,39.93,14873100
2014-08-27,39.84,39.93,39.71,39.81,21287900
2014-08-28,39.7,39.91,39.58,39.82,17657600
2014-08-29,40.01,40.32,39.8,40.31,21607600
2014-09-02,40.31,40.33,39.79,40.01,22976800
2014-09-03,39.51,40.02,39.51,39.89,33684500
2014-09-04,39.69,40.16,39.68,40.16,26475500
2014-09-05,40.02,40.75,40.02,40.73,36939400
2014-09-08,40.83,41.52,40.8,41.23,45736700
2014-09-09,41.23,41.67,41.19,41.49,40302400
2014-09-10,41.54,41.65,41.06,41.56,27302400
2014-09-11,41.47,41.7,41.23,41.7,29216400
2014-09-12,41.62,41.72,41.34,41.43,38244700
2014-09-15,41.29,41.44,40.9,41.03,37667600
2014-09-16,41.16,41.57,41.07,41.49,27910600
2014-09-17,41.04,41.42,41.02,41.27,38311900
2014-09-18,41.34,41.55,41.22,41.42,35556600
2014-09-19,41.53,42.21,41.34,42.16,202522400
2014-09-22,41.97,42.04,41.68,41.75,38686100
2014-09-23,41.57,41.68,41.23,41.31,33430300
2014-09-24,41.37,41.8,41.11,41.77,26582700
2014-09-25,41.59,41.78,40.84,40.85,33077400
2014-09-26,40.75,41.36,40.6,41.18,27078800
2014-09-29,40.79,41.31,40.6,41.2,26091000
2014-09-30,41.14,41.24,40.82,41.13,33033100
2014-10-01,41.05,41.28,40.68,40.72,38088400
2014-10-02,40.66,40.9,40.49,40.6,25119400
2014-10-03,40.79,41.08,40.47,40.89,32453200
2014-10-06,40.92,41.08,40.74,40.89,20604000
2014-10-07,40.69,40.75,40.3,40.4,25723700
2014-10-08,40.35,41.6,40.23,41.5,33031000
2014-10-09,41.26,41.52,40.58,40.68,34422800
2014-10-10,40.46,40.92,38.99,39.06,51978100
2014-10-13,38.88,39.53,38.59,38.73,37100200
2014-10-14,38.92,39.38,38.65,38.8,38115700
2014-10-15,38.15,38.5,37.35,38.35,60218700
2014-10-16,37.73,38.22,37.46,37.92,49040400
2014-10-17,38.33,38.98,37.96,38.71,40683300
2014-10-20,38.2,39.16,37.98,39.11,34527900
2014-10-21,39.36,39.91,39.21,39.82,36433800
2014-10-22,39.93,39.99,39.24,39.38,33570900
2014-10-23,39.59,40.32,39.51,39.94,45451900
2014-10-24,41.55,41.61,40.09,40.93,61076700
2014-10-27,40.56,40.9,40.56,40.73,30371300
2014-10-28,40.69,41.26,40.61,41.25,29049800
2014-10-29,41.2,41.43,41.11,41.36,30276100
2014-10-30,41.1,41.1,40.61,40.86,30073900
2014-10-31,41.65,41.67,41.24,41.66,35849700
2014-11-03,41.6,42.11,41.46,42.09,23130400
2014-11-04,41.97,42.35,41.92,42.21,21530800
2014-11-05,42.41,42.5,41.93,42.46,22449600
2014-11-06,42.46,43.35,42.4,43.21,33037800
2014-11-07,43.4,43.4,42.84,43.19,28000600
2014-11-10,43.16,43.61,43.08,43.38,36370100
2014-11-11,43.34,43.43,43.16,43.36,23445200
2014-11-12,43.08,43.4,43.05,43.28,22722100
2014-11-13,43.31,44.05,43.22,44.02,26210400
2014-11-14,44.13,44.41,43.82,43.99,29081700
2014-11-17,43.84,44.1,43.6,43.88,30318600
2014-11-18,43.86,44.04,43.48,43.52,23995500
2014-11-19,43.44,43.53,42.79,43.05,26177500
2014-11-20,42.86,43.48,42.74,43.48,21510600
2014-11-21,43.77,43.79,42.47,42.84,42884800
2014-11-24,42.85,42.86,42.31,42.49,35434200
2014-11-25,42.55,42.83,42.36,42.38,28008000
2014-11-26,42.4,42.85,42.21,42.63,27163600
2014-11-28,42.81,43.03,42.51,42.69,21534400
2014-12-01,42.75,43.55,42.6,43.41,31191600
2014-12-02,43.61,43.79,43.03,43.27,25773500
2014-12-03,43.25,43.3,42.69,42.93,23534800
2014-12-04,43.2,43.8,43.03,43.61,30320400
2014-12-05,43.59,43.72,43.19,43.23,27313400
2014-12-08,43.09,43.17,42.36,42.59,26663100
2014-12-09,42.06,42.78,42.01,42.49,24330500
2014-12-10,42.48,42.55,41.69,41.87,30431800
2014-12-11,42.03,42.62,41.68,42.11,29060400
2014-12-12,41.77,42.61,41.67,41.92,34248400
2014-12-15,42.14,42.56,41.56,41.67,29247800
2014-12-16,40.98,41.37,40.29,40.32,47801400
2014-12-17,40.22,41.03,40.09,40.84,34970900
2014-12-18,41.59,42.43,41.37,42.43,40105600
2014-12-19,42.53,42.94,42.11,42.55,64551200
2014-12-22,42.66,42.96,42.6,42.84,26566000
2014-12-23,43.19,43.57,42.97,43.26,23648100
2014-12-24,43.43,43.43,42.93,42.98,11437800
2014-12-26,43.22,43.22,42.69,42.75,13197800
2014-12-29,42.59,42.66,42.19,42.36,14439500
2014-12-30,42.36,42.52,41.82,41.98,16384700
2014-12-31,41.72,42.36,41.47,41.47,21552500
2015-01-02,41.66,42.34,41.55,41.75,27913900
2015-01-05,41.4,41.72,41.29,41.36,39673900
2015-01-06,41.41,41.74,40.66,40.76,36447900
2015-01-07,41.05,41.48,40.61,41.28,29114100
2015-01-08,41.74,42.63,41.71,42.49,29645200
2015-01-09,42.51,42.69,41.87,42.13,23944200
2015-01-12,42.34,42.44,41.39,41.61,23651900
2015-01-13,41.94,42.78,41.12,41.39,35270600
2015-01-14,41.03,41.28,40.73,41.03,29719600
2015-01-15,41.27,41.41,40.54,40.61,32750800
2015-01-16,40.45,41.32,40.33,41.28,35695300
2015-01-20,41.34,41.65,40.69,41.42,36161900
2015-01-21,41.02,41.2,40.61,41.0,39081100
2015-01-22,41.41,42.09,41.14,42.08,35898000
2015-01-23,42.28,42.31,41.78,42.12,26211600
2015-01-26,41.96,42.08,41.28,41.97,42525500
2015-01-27,38.35,38.57,37.6,38.09,169164000
2015-01-28,38.16,38.2,36.75,36.78,84507100
2015-01-29,36.54,37.61,36.42,37.51,63585300
2015-01-30,37.1,37.12,36.03,36.07,78004900
2015-02-02,36.24,36.94,35.92,36.86,50352500
2015-02-03,37.17,37.44,36.65,37.14,52082400
2015-02-04,37.45,37.69,36.93,37.36,41614800
2015-02-05,37.7,38.07,37.37,37.9,36548200
2015-02-06,38.11,38.2,37.63,37.86,34616600
2015-02-09,37.71,38.16,37.69,37.82,31381100
2015-02-10,38.16,38.19,37.66,38.03,29670700
2015-02-11,38.08,38.08,37.69,37.84,38262500
2015-02-12,38.09,38.47,37.95,38.47,33268800
2015-02-13,38.73,39.17,38.53,39.17,40264900
2015-02-17,39.54,39.56,38.84,39.19,33695700
2015-02-18,39.23,39.29,39.02,39.14,27111700
2015-02-19,38.83,39.14,38.71,39.11,27603400
2015-02-20,39.12,39.46,38.93,39.44,29721100
2015-02-23,39.29,39.73,39.25,39.7,32518800
2015-02-24,39.7,39.83,39.49,39.64,25271700
2015-02-25,39.52,39.64,39.38,39.55,29759800
2015-02-26,39.55,39.77,39.47,39.62,28957300
2015-02-27,39.68,39.74,39.26,39.43,33807700
2015-03-02,39.27,39.73,39.16,39.46,31924000
2015-03-03,39.17,39.41,38.75,38.92,31748600
2015-03-04,38.67,38.85,38.56,38.72,25748700
2015-03-05,38.73,38.88,38.5,38.76,23193500
2015-03-06,38.66,38.76,37.9,38.09,36248800
2015-03-09,37.94,38.78,37.94,38.53,32108000
2015-03-10,38.08,38.4,37.79,37.79,39159700
2015-03-11,38.04,38.1,37.62,37.75,32215300
2015-03-12,37.16,37.45,36.74,36.88,59992500
2015-03-13,36.6,37.29,36.52,37.21,58007700
2015-03-16,37.29,37.44,37.12,37.37,35273500
2015-03-17,37.2,37.61,37.0,37.5,31673400
2015-03-18,37.25,38.51,37.16,38.22,44194800
2015-03-19,38.0,38.3,37.96,38.03,33879100
2015-03-20,38.27,38.65,38.21,38.56,71904500
2015-03-23,38.56,38.78,38.47,38.54,26246100
2015-03-24,38.47,38.82,38.44,38.57,25513300
2015-03-25,38.59,38.6,37.26,37.28,43469900
2015-03-26,37.06,37.41,36.79,37.06,37495600
2015-03-27,36.97,37.25,36.71,36.84,34401400
2015-03-30,36.96,37.35,36.79,36.83,35049700
2015-03-31,36.67,36.89,36.45,36.56,34887200
2015-04-01,36.51,36.65,36.25,36.61,36865300
2015-04-02,36.56,36.63,36.08,36.23,37487500
2015-04-06,36.27,37.57,36.13,37.36,39223700
2015-04-07,37.41,37.68,37.15,37.34,28809400
2015-04-08,37.28,37.49,36.9,37.24,24753400
2015-04-09,37.09,37.42,37.09,37.3,25723900
2015-04-10,37.43,37.72,37.24,37.51,28022000
2015-04-13,37.23,37.82,37.22,37.55,30276700
2015-04-14,37.59,37.79,37.22,37.45,24244400
2015-04-15,37.55,38.18,37.48,38.0,27343600
2015-04-16,37.72,38.07,37.6,37.91,22509700
2015-04-17,37.47,37.53,37.01,37.42,42387600
2015-04-20,37.52,38.82,37.48,38.58,46057700
2015-04-21,38.66,38.8,38.24,38.34,26013800
2015-04-22,38.37,38.78,38.26,38.66,25064300
2015-04-23,38.57,39.21,38.48,38.97,46309500
2015-04-24,41.06,43.29,41.05,43.04,130933700
2015-04-27,42.47,43.28,42.46,43.19,59248200
2015-04-28,42.96,44.25,42.89,44.2,60730800
2015-04-29,43.81,44.34,43.61,44.11,47804600
2015-04-30,43.79,44.55,43.7,43.74,64725500
2015-05-01,43.68,43.95,43.52,43.75,38937300
2015-05-04,43.49,43.94,43.32,43.38,34039500
2015-05-05,43.0,43.3,42.54,42.8,50369200
2015-05-06,42.77,42.95,41.38,41.61,52433000
2015-05-07,41.61,42.34,41.51,41.99,32971700
2015-05-08,42.76,43.14,42.73,42.94,35364900
2015-05-11,42.76,43.08,42.59,42.59,24609400
2015-05-12,42.13,42.87,41.74,42.58,29928300
2015-05-13,43.33,43.45,42.77,42.83,34184600
2015-05-14,43.19,43.9,43.19,43.81,32980900
2015-05-15,43.94,43.98,43.21,43.43,28642700
2015-05-18,43.14,43.36,42.81,43.17,24136500
2015-05-19,43.04,43.27,42.7,43.06,28574800
2015-05-20,42.89,43.38,42.78,43.06,25047900
2015-05-21,42.79,43.08,42.55,42.92,22410700
2015-05-22,42.81,42.85,42.37,42.45,25720600
2015-05-26,42.38,42.43,41.8,42.17,29581900
2015-05-27,42.37,43.23,42.19,43.09,27335600
2015-05-28,42.99,43.46,42.89,42.94,19283700
2015-05-29,42.93,43.05,42.17,42.41,36519600
2015-06-01,42.59,43.23,42.19,42.74,28837300
2015-06-02,42.47,42.85,42.19,42.46,21498300
2015-06-03,42.87,43.21,42.37,42.4,28002200
2015-06-04,42.35,42.68,41.81,41.96,27745500
2015-06-05,41.91,42.1,41.49,41.76,25438100
2015-06-08,41.9,42.02,41.33,41.39,22121600
2015-06-09,41.41,41.58,41.14,41.31,24406100
2015-06-10,41.44,42.38,41.35,42.18,28417400
2015-06-11,42.23,42.46,41.75,42.03,27347800
2015-06-12,41.83,42.06,41.54,41.6,23931000
2015-06-15,41.13,41.31,40.74,41.16,33254500
2015-06-16,41.04,41.85,41.0,41.48,27070300
2015-06-17,41.39,41.69,41.05,41.6,28704100
2015-06-18,41.83,42.36,41.78,42.28,32658300
2015-06-19,42.35,42.38,41.62,41.72,63837000
2015-06-22,41.93,42.28,41.78,41.84,20318100
2015-06-23,41.75,41.88,41.29,41.55,25896500
2015-06-24,41.33,41.86,41.22,41.31,34890900
2015-06-25,41.66,41.69,41.18,41.31,20616000
2015-06-26,41.31,41.88,40.75,40.96,49835300
2015-06-29,40.76,40.93,40.15,40.16,34081700
2015-06-30,40.46,40.47,39.77,39.96,35945400
2015-07-01,40.24,40.93,39.91,40.23,28343900
2015-07-02,40.26,40.5,39.88,40.18,21752000
2015-07-06,39.78,40.26,39.78,40.17,23034000
2015-07-07,40.13,40.26,39.21,40.09,36435800
2015-07-08,40.22,40.64,39.85,40.04,39785900
2015-07-09,40.5,40.93,40.27,40.29,32424700
2015-07-10,40.74,40.85,40.34,40.37,25465800
2015-07-13,40.71,41.29,40.68,41.21,28178300
2015-07-14,41.13,41.59,41.01,41.29,22880300
2015-07-15,41.34,41.53,41.12,41.41,26629600
2015-07-16,41.64,42.26,41.6,42.23,26271700
2015-07-17,42.13,42.34,41.87,42.19,29467100
2015-07-20,42.22,42.65,42.03,42.46,30631900
2015-07-21,42.34,42.83,42.07,42.79,42781900
2015-07-22,41.12,42.47,40.91,41.21,59152400
2015-07-23,40.97,41.84,40.82,41.73,33934000
2015-07-24,41.55,41.92,41.45,41.58,32333200
2015-07-27,41.58,41.64,40.95,41.04,39701400
2015-07-28,41.25,41.31,40.54,41.03,34328900
2015-07-29,41.09,42.34,40.96,41.89,40945900
2015-07-30,41.87,42.9,41.57,42.43,39777900
2015-07-31,42.8,42.87,42.08,42.26,31201500
2015-08-03,42.52,42.54,42.04,42.36,24125900
2015-08-04,42.31,43.18,42.25,43.02,33403900
2015-08-05,43.42,43.81,43.02,43.06,26959700
2015-08-06,43.18,43.23,41.93,42.19,27368000
2015-08-07,41.98,42.34,41.87,42.3,19163000
2015-08-10,42.49,42.98,42.39,42.83,23079900
2015-08-11,42.37,42.48,41.54,42.0,29237400
2015-08-12,41.8,42.45,41.37,42.3,30181400
2015-08-13,42.59,42.63,42.07,42.29,22627200
2015-08-14,42.11,42.63,42.1,42.54,21473400
2015-08-17,42.36,42.94,42.15,42.83,21099700
2015-08-18,42.67,43.21,42.54,43.06,23574100
2015-08-19,42.62,42.89,42.18,42.46,31485500
2015-08-20,41.97,42.33,41.6,41.6,36238200
2015-08-21,41.27,41.43,39.24,39.24,70053100
2015-08-24,36.85,38.89,36.18,37.97,88753700
2015-08-25,38.78,39.39,36.79,36.87,70616600
2015-08-26,38.27,39.03,37.41,38.91,63408000
2015-08-27,39.38,40.04,39.11,39.99,50943200
2015-08-28,39.54,40.22,39.53,40.02,28246700
2015-08-31,39.68,40.02,39.26,39.65,34441700
2015-09-01,38.42,38.8,37.95,38.1,49688900
2015-09-02,38.59,39.52,38.15,39.5,37671500
2015-09-03,39.55,40.07,39.43,39.63,28285200
2015-09-04,39.0,39.21,38.44,38.82,37138800
2015-09-08,39.45,40.08,39.35,39.98,32469800
2015-09-09,40.27,40.45,39.09,39.24,33469500
2015-09-10,39.28,39.89,38.94,39.44,31366600
2015-09-11,39.3,39.71,39.12,39.61,27132500
2015-09-14,39.56,39.57,39.05,39.21,23656000
2015-09-15,39.35,40.35,39.25,40.07,28882200
2015-09-16,40.06,40.43,39.94,40.36,23372200
2015-09-17,40.35,40.99,40.16,40.31,32768200
2015-09-18,39.63,40.07,39.47,39.61,63143700
2015-09-21,39.74,40.51,39.72,40.18,26177200
2015-09-22,39.52,40.13,39.46,39.99,28085900
2015-09-23,40.02,40.24,39.64,39.97,17145200
2015-09-24,39.58,40.2,39.42,40.0,27905600
2015-09-25,40.52,40.75,39.87,40.03,29384600
2015-09-28,39.93,40.17,39.36,39.44,27613800
2015-09-29,39.51,39.69,39.22,39.57,32763600
2015-09-30,39.97,40.36,39.77,40.32,34958900
2015-10-01,40.77,40.77,39.86,40.64,28657900
2015-10-02,40.33,41.51,40.01,41.51,41839000
2015-10-05,41.68,42.72,41.63,42.48,34369300
2015-10-06,42.21,42.98,42.11,42.59,27017200
2015-10-07,42.91,43.14,41.86,42.63,27711500
2015-10-08,42.42,43.29,42.36,43.23,33772700
2015-10-09,43.23,43.31,42.74,42.92,28600600
2015-10-12,42.8,42.88,42.36,42.82,19769100
2015-10-13,42.42,42.94,42.42,42.72,19987800
2015-10-14,42.5,42.91,42.39,42.53,24697800
2015-10-15,42.83,42.84,42.39,42.83,27189400
2015-10-16,42.83,43.31,42.73,43.28,26450300
2015-10-19,43.2,43.62,42.83,43.38,29387600
2015-10-20,43.22,43.55,42.83,43.52,30802200
2015-10-21,43.65,43.72,42.92,43.0,25144300
2015-10-22,43.3,44.59,42.9,43.75,56637100
2015-10-23,47.64,49.26,47.6,48.16,135227100
2015-10-26,47.85,49.49,47.83,49.42,64633300
2015-10-27,49.18,49.53,48.81,48.91,50999900
2015-10-28,48.77,49.18,48.16,49.18,47000800
2015-10-29,48.77,49.04,48.48,48.61,30202100
2015-10-30,48.57,49.18,47.94,47.95,46619800
2015-11-02,48.15,48.61,47.94,48.5,30285000
2015-11-03,48.22,49.55,48.19,49.33,36596900
2015-11-04,49.36,50.0,49.25,49.56,37087800
2015-11-05,49.64,49.83,49.19,49.54,31468500
2015-11-06,49.28,50.09,49.16,50.03,32851200
2015-11-09,49.69,49.99,48.79,49.34,32513100
2015-11-10,49.26,49.31,48.53,48.75,55283700
2015-11-11,48.92,49.38,48.7,48.87,36516300
2015-11-12,48.72,49.18,48.46,48.57,35361100
2015-11-13,48.35,48.55,47.85,48.14,36848200
2015-11-16,48.36,49.09,48.15,48.98,32165200
2015-11-17,48.76,49.09,48.47,48.58,31551300
2015-11-18,48.61,49.51,48.59,49.39,29710000
2015-11-19,49.52,50.13,49.32,49.47,28149200
2015-11-20,49.75,49.8,48.86,49.7,37147600
2015-11-23,49.75,49.95,49.3,49.7,28235900
2015-11-24,49.45,49.93,49.14,49.75,24600000
2015-11-25,49.61,49.74,49.24,49.24,21005100
2015-11-27,49.34,49.6,49.33,49.46,9009100
2015-11-30,50.02,50.41,49.53,49.85,56241400
2015-12-01,49.9,50.65,49.8,50.64,39952800
2015-12-02,50.74,51.32,50.5,50.63,47274900
2015-12-03,50.89,51.15,49.46,49.71,38627800
2015-12-04,49.64,51.57,49.62,51.28,43963700
2015-12-07,51.17,51.33,50.71,51.19,30709800
2015-12-08,50.87,51.45,50.43,51.17,32878000
2015-12-09,50.78,51.24,49.99,50.42,36373200
2015-12-10,50.8,51.05,50.45,50.69,31775800
2015-12-11,50.18,50.53,49.53,49.58,39549500
2015-12-14,49.83,50.63,49.23,50.57,46768900
2015-12-15,51.05,51.27,50.52,50.63,39843000
2015-12-16,50.94,51.59,50.22,51.48,37503300
2015-12-17,51.69,52.08,50.93,51.08,41280900
2015-12-18,51.15,51.36,49.55,49.64,84684200
2015-12-21,50.33,50.76,49.74,50.29,37246300
2015-12-22,50.43,50.88,49.98,50.76,28322200
2015-12-23,51.08,51.25,50.85,51.19,27279800
2015-12-24,51.23,51.32,50.84,51.06,9558500
2015-12-28,50.76,51.31,50.42,51.31,22458300
2015-12-29,51.63,52.14,51.41,51.86,27731400
2015-12-30,51.79,52.07,51.63,51.64,21704500
2015-12-31,51.4,51.53,50.83,50.88,27334100
2016-01-04,49.82,50.26,48.97,50.26,53778000
2016-01-05,50.38,50.8,50.02,50.49,34079700
2016-01-06,49.82,49.89,49.19,49.57,39518900
2016-01-07,48.33,49.06,47.76,47.85,56564900
2016-01-08,48.03,48.86,47.83,47.99,48754000
2016-01-11,48.16,48.47,47.2,47.97,36943800
2016-01-12,48.39,48.7,47.75,48.41,36095500
2016-01-13,49.34,49.59,47.05,47.36,66883600
2016-01-14,47.69,48.99,47.3,48.71,52381900
2016-01-15,47.06,47.66,46.17,46.76,71820700
2016-01-19,47.21,47.4,45.91,46.37,43564500
2016-01-20,45.84,47.12,45.03,46.58,63273000
2016-01-21,46.77,47.31,46.13,46.3,40191200
2016-01-22,47.15,47.99,47.01,47.96,37555800
2016-01-25,47.64,48.29,47.37,47.5,34707700
2016-01-26,47.5,48.09,47.28,47.85,28900800
2016-01-27,47.7,47.87,46.79,46.98,36775200
2016-01-28,47.56,47.88,47.0,47.75,62513800
2016-01-29,50.19,50.52,49.53,50.52,83611700
2016-02-01,50.33,50.52,49.98,50.18,44208500
2016-02-02,49.68,49.76,48.29,48.61,56313800
2016-02-03,48.84,48.97,47.01,47.84,57559800
2016-02-04,47.78,48.43,47.11,47.69,46987100
2016-02-05,47.64,47.69,45.45,46.0,62009000
2016-02-08,45.44,45.46,44.2,45.32,59290500
2016-02-09,44.96,46.08,44.64,45.2,46740500
2016-02-10,45.76,46.21,45.42,45.59,38237000
2016-02-11,44.65,45.96,44.49,45.57,48878600
2016-02-12,46.09,46.48,45.63,46.32,34243300
2016-02-16,47.02,47.19,46.31,47.19,37291200
2016-02-17,47.56,48.74,47.53,48.42,40789000
2016-02-18,48.34,48.91,48.13,48.21,27176000
2016-02-19,48.01,48.29,47.6,47.87,33559100
2016-02-22,48.29,48.96,48.29,48.63,25008300
2016-02-23,48.35,48.38,47.09,47.28,28895300
2016-02-24,46.82,47.57,46.37,47.44,33014500
2016-02-25,47.78,48.13,46.75,48.13,26939500
2016-02-26,48.59,48.66,47.2,47.39,35975900
2016-02-29,47.43,47.71,46.8,47.0,31654000
2016-03-01,47.08,48.58,47.04,48.57,33024500
2016-03-02,48.41,48.92,48.18,48.91,29289900
2016-03-03,48.93,48.93,47.83,48.36,24427800
2016-03-04,48.4,48.45,47.77,48.06,33034200
2016-03-07,47.63,47.85,46.72,47.14,38407800
2016-03-08,46.92,48.15,46.74,47.71,33835100
2016-03-09,47.93,48.82,47.9,48.81,28251600
2016-03-10,48.89,48.9,47.26,48.08,38387800
2016-03-11,48.96,49.02,48.38,49.02,32275700
2016-03-14,48.69,49.5,48.62,49.11,24083600
2016-03-15,48.73,49.5,48.72,49.5,21104800
2016-03-16,49.37,50.43,49.33,50.2,31691700
2016-03-17,50.07,50.8,49.88,50.49,28223900
2016-03-18,50.73,50.78,49.37,49.41,67625500
2016-03-21,49.19,49.82,48.89,49.75,23925700
2016-03-22,49.52,50.11,49.38,49.95,23124100
2016-03-23,49.98,50.1,49.64,49.85,20129000
2016-03-24,49.73,50.19,49.63,50.07,19950000
2016-03-28,50.07,50.15,49.26,49.46,17025100
2016-03-29,49.57,50.68,49.37,50.54,23924300
2016-03-30,50.74,51.4,50.71,50.85,23008300
2016-03-31,50.76,51.35,50.68,51.02,26360500
2016-04-01,50.85,51.37,50.41,51.33,24399200
2016-04-04,51.2,51.41,50.8,51.2,18928800
2016-04-05,50.98,51.08,50.31,50.4,19272300
2016-04-06,50.21,50.99,50.07,50.92,21188700
2016-04-07,50.68,50.72,50.09,50.31,19225100
2016-04-08,50.5,51.06,50.18,50.27,22167200
2016-04-11,50.33,50.94,50.16,50.17,21414200
2016-04-12,50.22,50.6,49.66,50.48,24944300
2016-04-13,50.92,51.21,50.7,51.13,20818000
2016-04-14,51.01,51.34,50.87,51.14,20877100
2016-04-15,51.08,51.65,50.91,51.4,28793800
2016-04-18,51.26,52.27,51.0,52.15,23786000
2016-04-19,52.31,52.44,51.43,52.09,29596800
2016-04-20,52.0,52.19,51.26,51.35,36195700
2016-04-21,51.54,51.94,51.19,51.52,38909100
2016-04-22,47.95,48.43,46.9,47.83,126834100
2016-04-25,47.83,48.15,47.69,48.13,33226900
2016-04-26,48.27,48.36,47.19,47.52,33532600
2016-04-27,47.55,47.57,46.69,47.05,43369300
2016-04-28,46.76,46.9,45.78,46.09,43134800
2016-04-29,45.59,46.42,45.59,46.07,48411700
2016-05-02,46.19,46.88,45.98,46.75,33114500
2016-05-03,46.5,46.56,45.82,45.98,26460200
2016-05-04,46.04,46.24,45.69,46.07,24257600
2016-05-05,46.07,46.46,45.94,46.13,25390700
2016-05-06,46.11,46.55,45.87,46.55,24787300
2016-05-09,46.64,46.73,46.19,46.25,17951600
2016-05-10,46.49,47.2,46.36,47.13,22891000
2016-05-11,47.23,47.83,47.11,47.16,24039100
2016-05-12,47.29,47.86,47.04,47.58,24102800
2016-05-13,47.52,47.94,47.15,47.18,22592300
2016-05-16,46.92,48.0,46.88,47.88,20032000
2016-05-17,48.11,48.12,46.84,46.98,27803500
2016-05-18,46.96,47.57,46.79,47.26,24907500
2016-05-19,46.95,47.09,46.34,46.81,23842400
2016-05-20,46.96,47.64,46.88,47.09,23905800
2016-05-23,47.07,47.14,46.49,46.54,26118700
2016-05-24,47.16,48.1,46.88,47.99,34757900
2016-05-25,48.29,48.83,48.17,48.48,24040200
2016-05-26,48.3,48.35,47.77,48.27,24335200
2016-05-27,48.29,48.67,48.16,48.67,17721400
2016-05-31,48.61,49.3,48.44,49.3,37653100
2016-06-01,48.78,49.25,48.78,49.16,25324800
2016-06-02,48.96,49.06,48.22,48.82,22840800
2016-06-03,48.72,48.76,48.0,48.17,23368300
2016-06-06,48.36,48.69,48.27,48.49,18243300
2016-06-07,48.59,49.05,48.46,48.46,20866800
2016-06-08,48.39,48.78,48.25,48.41,21149400
2016-06-09,48.37,48.37,47.89,48.02,20305700
2016-06-10,47.49,48.42,47.48,47.89,25833200
2016-06-13,46.12,47.18,45.63,46.64,83217800
2016-06-14,46.42,46.6,46.11,46.35,42577100
2016-06-15,46.3,46.62,46.22,46.22,33757600
2016-06-16,46.06,46.95,46.05,46.87,31188600
2016-06-17,46.89,46.91,46.34,46.63,45710500
2016-06-20,47.1,47.28,46.54,46.57,35607900
2016-06-21,46.69,47.84,46.66,47.62,34097800
2016-06-22,47.51,47.87,47.39,47.43,28816800
2016-06-23,47.7,48.43,47.58,48.29,29028800
2016-06-24,46.33,47.38,46.06,46.35,133503000
2016-06-27,45.67,45.72,44.69,45.05,50216300
2016-06-28,45.5,46.02,45.27,45.99,38140700
2016-06-29,46.43,47.18,46.32,47.01,31304000
2016-06-30,47.18,47.72,46.97,47.6,28527800
2016-07-01,47.56,48.11,47.5,47.59,21400400
2016-07-05,47.28,47.7,47.2,47.6,24806400
2016-07-06,47.23,47.94,46.87,47.79,28167500
2016-07-07,47.83,48.01,47.5,47.79,19585200
2016-07-08,48.12,48.7,47.95,48.65,28391000
2016-07-11,48.83,49.14,48.81,48.92,22269200
2016-07-12,49.24,49.67,49.1,49.49,27317600
2016-07-13,49.82,50.1,49.47,49.77,25356800
2016-07-14,50.08,50.22,49.84,49.99,24545500
2016-07-15,50.18,50.23,49.49,49.95,32024400
2016-07-18,49.95,50.55,49.81,50.19,31433900
2016-07-19,49.96,50.14,49.23,49.38,53336500
2016-07-20,52.23,52.87,51.65,52.01,89893300
2016-07-21,52.07,52.3,51.87,51.9,32776700
2016-07-22,52.16,52.68,51.89,52.62,32157200
2016-07-25,52.53,52.78,52.33,52.77,25610600
2016-07-26,52.57,53.29,52.56,52.8,28079000
2016-07-27,52.66,52.83,52.19,52.27,32327500
2016-07-28,52.09,52.43,51.83,52.29,37550400
2016-07-29,52.33,52.8,52.14,52.72,30558700
2016-08-01,52.65,52.79,52.22,52.63,26003400
2016-08-02,52.88,52.93,52.38,52.63,35122000
2016-08-03,52.72,53.12,52.55,52.99,22075600
2016-08-04,52.83,53.5,52.71,53.38,26587700
2016-08-05,53.62,54.15,53.44,53.91,29335200
2016-08-08,54.01,54.03,53.75,54.01,19473500
2016-08-09,54.11,54.42,53.97,54.14,16920700
2016-08-10,54.1,54.25,53.78,53.97,15756900
2016-08-11,53.98,54.37,53.98,54.23,18162300
2016-08-12,53.98,54.13,53.6,53.89,21655200
2016-08-15,53.96,54.42,53.91,54.06,19283900
2016-08-16,53.92,53.93,53.6,53.76,20523500
2016-08-17,53.86,53.99,53.57,53.87,18856400
2016-08-18,53.74,54.01,53.6,53.91,14214300
2016-08-19,53.75,54.03,53.54,53.93,17271000
2016-08-22,53.91,54.05,53.59,53.98,15221900
2016-08-23,54.19,54.46,54.15,54.18,18732400
2016-08-24,54.1,54.32,54.02,54.24,18151500
2016-08-25,54.17,54.56,54.08,54.45,18552600
2016-08-26,54.55,54.94,54.0,54.31,20971200
2016-08-29,54.46,54.85,54.38,54.38,16417200
2016-08-30,54.27,54.46,53.92,54.18,16930200
2016-08-31,53.96,54.1,53.63,53.78,20860300
2016-09-01,53.36,54.12,53.36,53.9,26075400
2016-09-02,53.98,54.46,53.74,53.98,18900500
2016-09-06,54.08,54.1,53.55,53.92,16278400
2016-09-07,53.79,54.14,53.73,53.97,17493400
2016-09-08,53.94,54.09,53.52,53.75,20146100
2016-09-09,53.15,53.84,52.61,52.61,35113900
2016-09-12,52.41,53.55,52.05,53.4,29303000
2016-09-13,52.88,53.02,52.46,52.91,30130200
2016-09-14,52.78,53.0,52.44,52.66,24062500
2016-09-15,52.56,53.68,52.4,53.53,26847000
2016-09-16,53.94,53.94,53.12,53.58,44607000
2016-09-19,53.6,54.05,53.21,53.29,20937100
2016-09-20,53.68,53.68,53.12,53.17,17384000
2016-09-21,53.83,54.15,53.43,54.06,33707300
2016-09-22,54.21,54.29,53.94,54.12,19822200
2016-09-23,54.16,54.2,53.71,53.75,19955300
2016-09-26,53.43,53.48,53.19,53.26,21688700
2016-09-27,53.29,54.34,53.05,54.24,28065100
2016-09-28,54.17,54.34,53.98,54.31,20536400
2016-09-29,54.11,54.45,53.55,53.73,25463500
2016-09-30,53.88,54.07,53.67,53.91,29910800
2016-10-03,53.73,53.87,53.41,53.74,19189500
2016-10-04,53.6,53.91,53.32,53.58,20085900
2016-10-05,53.62,54.25,53.59,53.95,16726400
2016-10-06,54.04,54.16,53.61,54.04,16212600
2016-10-07,54.15,54.27,53.74,54.1,20089000
2016-10-10,54.2,54.65,54.16,54.32,18196500
2016-10-11,54.18,54.31,53.25,53.53,26497400
2016-10-12,53.45,53.6,52.79,53.45,22177500
2016-10-13,53.07,53.63,52.71,53.28,25313700
2016-10-14,53.46,54.04,53.46,53.74,27402500
2016-10-17,53.69,53.78,53.23,53.56,23830000
2016-10-18,53.85,54.24,53.73,53.97,19149500
2016-10-19,53.79,54.14,53.73,53.85,22878400
2016-10-20,53.82,53.84,53.03,53.58,49455600
2016-10-21,56.42,56.58,55.68,55.84,80032200
2016-10-24,56.1,57.09,56.09,57.09,54067000
2016-10-25,56.95,57.44,56.91,57.09,35137200
2016-10-26,56.92,57.28,56.6,56.75,29911600
2016-10-27,56.73,56.94,56.24,56.25,28479900
2016-10-28,56.17,56.65,55.77,56.04,33574700
2016-10-31,56.31,56.55,56.08,56.08,26434700
2016-11-01,56.13,56.18,55.46,55.97,24533000
2016-11-02,55.99,56.09,55.5,55.63,22147000
2016-11-03,55.72,55.82,55.33,55.42,21600400
2016-11-04,54.89,55.48,54.77,54.95,28697000
2016-11-07,55.95,56.65,55.95,56.55,31664800
2016-11-08,56.67,56.89,56.3,56.6,22935400
2016-11-09,56.16,56.71,55.41,56.32,49632500
2016-11-10,56.61,56.62,53.94,54.94,57822400
2016-11-11,54.5,55.33,54.3,55.24,38767800
2016-11-14,55.24,55.3,53.61,54.4,41328400
2016-11-15,54.96,56.06,54.95,55.47,35904100
2016-11-16,55.54,56.22,55.42,56.21,27332500
2016-11-17,56.92,57.43,56.51,57.14,32132700
2016-11-18,57.27,57.61,56.82,56.87,27686300
2016-11-21,57.01,57.45,56.93,57.35,19652600
2016-11-22,57.46,57.73,57.3,57.59,23206700
2016-11-23,57.49,57.57,56.77,56.91,21848900
2016-11-25,56.82,57.04,56.66,57.04,8409600
2016-11-28,56.86,57.5,56.74,57.11,20732600
2016-11-29,57.15,57.87,57.03,57.57,22366700
2016-11-30,57.35,57.65,56.75,56.78,34655400
2016-12-01,56.64,56.68,55.54,55.78,34542100
2016-12-02,55.67,56.04,55.41,55.83,25515700
2016-12-05,56.26,57.09,56.12,56.75,23552700
2016-12-06,56.94,56.97,56.35,56.49,19907000
2016-12-07,56.55,57.84,56.35,57.83,30809000
2016-12-08,57.76,58.03,57.33,57.49,21220800
2016-12-09,57.65,58.41,57.6,58.39,27349400
2016-12-12,58.25,58.71,58.16,58.58,20198100
2016-12-13,58.89,59.76,58.65,59.35,35718900
2016-12-14,59.36,59.79,58.92,59.06,30352700
2016-12-15,59.08,59.51,58.71,58.97,27669900
2016-12-16,59.32,59.32,58.54,58.71,42453100
2016-12-19,58.95,60.09,58.82,59.95,34338200
2016-12-20,60.02,60.12,59.39,59.87,26028400
2016-12-21,59.77,60.02,59.48,59.87,17096300
2016-12-22,60.16,60.4,59.75,59.88,22176600
2016-12-23,59.79,59.87,59.18,59.59,12403800
2016-12-27,59.56,60.37,59.56,59.63,11763200
2016-12-28,59.74,59.74,59.2,59.36,14653300
2016-12-29,59.23,59.55,59.11,59.27,10250600
2016-12-30,59.33,59.36,58.45,58.55,25579900
2017-01-03,59.17,59.21,58.55,58.97,20694100
2017-01-04,58.87,59.13,58.54,58.71,21340000
2017-01-05,58.6,59.04,58.45,58.71,24876000
2017-01-06,58.71,59.51,58.46,59.21,19922900
2017-01-09,59.14,59.44,58.93,59.03,20382700
2017-01-10,59.11,59.43,58.69,59.01,18593000
2017-01-11,59.0,59.58,58.83,59.54,21517300
2017-01-12,59.42,59.74,58.38,59.0,20968200
2017-01-13,59.01,59.24,58.75,59.08,19422300
2017-01-17,59.06,59.08,58.45,58.92,20664000
2017-01-18,59.05,59.08,58.54,58.89,19670100
2017-01-19,58.65,59.35,58.61,58.71,18451700
2017-01-20,59.05,59.2,58.77,59.12,30213500
2017-01-23,59.08,59.48,58.96,59.33,23097600
2017-01-24,59.55,60.06,59.31,59.85,24672900
2017-01-25,60.26,60.4,59.79,60.01,23672700
2017-01-26,60.42,60.82,59.88,60.56,43554600
2017-01-27,61.62,62.11,61.15,61.98,44818000
2017-01-30,61.9,61.99,61.06,61.37,31651400
2017-01-31,61.12,61.39,60.55,60.92,25270500
2017-02-01,60.65,60.89,59.81,59.91,39671500
2017-02-02,59.6,59.75,59.13,59.53,45827000
2017-02-03,59.84,60.02,59.43,60.01,30301800
2017-02-06,59.84,59.98,59.5,59.97,19796400
2017-02-07,60.06,60.1,59.58,59.77,20277200
2017-02-08,59.9,60.13,59.57,59.69,18096400
2017-02-09,59.85,60.72,59.67,60.36,22644400
2017-02-10,60.54,60.59,60.29,60.31,18170700
2017-02-13,60.53,61.12,60.43,60.99,22920100
2017-02-14,61.06,61.36,60.69,61.21,23108400
2017-02-15,61.15,61.21,60.82,61.18,17005200
2017-02-16,61.37,61.85,61.09,61.17,20546300
2017-02-17,61.12,61.33,60.96,61.26,21248800
2017-02-21,61.25,61.57,61.1,61.14,20655900
2017-02-22,60.99,61.04,60.72,61.01,19292700
2017-02-23,61.07,61.36,60.85,61.26,20273100
2017-02-24,61.18,61.43,60.81,61.26,21796800
2017-02-27,61.18,61.18,60.72,60.89,15871500
2017-02-28,60.75,60.86,60.45,60.65,23239800
2017-03-01,60.8,61.61,60.69,61.56,26937500
2017-03-02,61.33,61.38,60.56,60.68,24539600
2017-03-03,60.66,60.94,60.31,60.91,18135900
2017-03-06,60.64,61.2,60.49,60.93,18750300
2017-03-07,60.85,61.41,60.85,61.05,18521000
2017-03-08,60.92,61.7,60.91,61.61,21510900
2017-03-09,61.8,61.81,61.13,61.36,19846800
2017-03-10,61.73,61.87,61.38,61.55,19538200
2017-03-13,61.63,61.8,61.21,61.35,20100000
2017-03-14,61.18,61.19,60.81,61.06,14280200
2017-03-15,61.19,61.54,60.91,61.38,24833800
2017-03-16,61.38,61.39,60.96,61.28,20674300
2017-03-17,61.54,61.85,61.32,61.5,49219700
2017-03-20,61.54,61.79,61.36,61.55,14598100
2017-03-21,61.8,62.09,60.8,60.87,26640500
2017-03-22,60.79,61.75,60.79,61.65,20680000
2017-03-23,61.56,61.85,61.4,61.5,19269200
2017-03-24,61.96,62.05,61.39,61.6,22617100
2017-03-27,61.27,61.83,61.0,61.72,18614700
2017-03-28,61.58,62.07,61.29,61.9,20080400
2017-03-29,61.73,62.09,61.57,62.07,13618400
2017-03-30,62.02,62.55,61.96,62.29,15122800
2017-03-31,62.24,62.75,62.05,62.44,21040300
2017-04-03,62.39,62.51,61.8,62.14,20400900
2017-04-04,61.99,62.39,61.89,62.31,12997400
2017-04-05,62.85,62.9,62.04,62.15,21448600
2017-04-06,62.19,62.63,62.08,62.31,18103500
2017-04-07,62.43,62.53,62.04,62.27,14108500
2017-04-10,62.2,62.4,61.96,62.12,17952700
2017-04-11,62.19,62.2,61.48,62.08,18791500
2017-04-12,62.02,62.1,61.73,61.84,17108500
2017-04-13,61.9,62.44,61.57,61.57,17896500
2017-04-17,61.66,62.09,61.63,62.08,16689300
2017-04-18,61.93,62.29,61.77,61.99,15155600
2017-04-19,62.24,62.33,61.52,61.66,26992800
2017-04-20,62.06,62.33,61.75,62.09,22299500
2017-04-21,62.26,63.23,62.05,62.95,32522600
2017-04-24,63.97,64.14,63.61,64.02,29770000
2017-04-25,64.37,64.5,64.09,64.39,30242700
2017-04-26,64.54,64.76,64.1,64.3,26190800
2017-04-27,64.61,64.83,64.07,64.72,34971000
2017-04-28,65.33,65.55,64.17,64.9,39548800
2017-05-01,65.11,65.93,64.94,65.8,31954400
2017-05-02,66.09,66.09,65.54,65.7,23906100
2017-05-03,65.77,65.77,65.14,65.49,28928000
2017-05-04,65.44,65.49,65.07,65.23,21749400
2017-05-05,65.32,65.44,64.93,65.41,19128800
2017-05-08,65.38,65.46,64.86,65.36,18566100
2017-05-09,65.28,65.68,65.11,65.45,22858400
2017-05-10,65.4,65.94,65.34,65.71,17977800
2017-05-11,64.81,65.16,64.58,64.9,28789400
2017-05-12,65.04,65.04,64.5,64.83,18714100
2017-05-15,64.6,64.92,64.06,64.87,31530300
2017-05-16,65.05,66.21,64.99,66.18,34956000
2017-05-17,65.68,65.88,64.29,64.34,30548800
2017-05-18,64.26,64.96,64.01,64.56,25201300
2017-05-19,64.36,64.93,64.29,64.54,26961100
2017-05-22,64.73,65.31,64.36,65.26,16237600
2017-05-23,65.52,65.55,65.2,65.48,15425800
2017-05-24,65.66,65.67,65.26,65.57,14593900
2017-05-25,65.76,66.63,65.7,66.38,21854100
2017-05-26,66.55,66.95,66.28,66.7,19827900
2017-05-30,66.54,67.13,66.52,67.13,17072800
2017-05-31,67.25,67.45,66.56,66.59,30436400
2017-06-01,66.97,67.32,66.22,66.84,21603600
2017-06-02,67.16,68.51,66.97,68.42,34770300
2017-06-05,68.62,69.5,68.47,68.92,33316800
2017-06-06,68.93,69.24,68.91,69.14,31511100
2017-06-07,69.26,69.38,68.6,69.02,22301800
2017-06-08,69.13,69.14,68.17,68.6,24588300
2017-06-09,68.69,68.72,65.4,67.05,49187400
2017-06-12,66.03,66.68,64.96,66.53,47761700
2017-06-13,66.76,67.52,66.7,67.36,25258600
2017-06-14,67.61,67.79,66.2,67.0,25510700
2017-06-15,66.05,66.94,65.6,66.65,26068700
2017-06-16,66.48,66.77,66.0,66.74,48345100
2017-06-19,67.22,67.64,67.07,67.57,23798300
2017-06-20,67.52,67.57,66.62,66.66,21512200
2017-06-21,66.94,67.33,66.68,67.0,19891100
2017-06-22,67.26,67.3,66.46,66.99,22965700
2017-06-23,66.83,67.93,66.66,67.89,27617300
2017-06-26,68.08,68.37,67.16,67.25,19607000
2017-06-27,66.85,66.91,65.96,65.99,25215100
2017-06-28,65.99,66.59,65.59,66.55,25806200
2017-06-29,66.15,66.25,64.92,65.3,28918700
2017-06-30,65.58,66.15,65.54,65.72,24161100
2017-07-03,66.1,66.36,64.85,65.0,16165500
2017-07-05,65.08,66.21,65.04,65.86,21176300
2017-07-06,65.09,65.58,64.95,65.38,21117600
2017-07-07,65.5,66.59,65.5,66.23,16878300
2017-07-10,66.23,66.98,65.98,66.72,15014500
2017-07-11,66.74,67.39,66.5,66.73,17460000
2017-07-12,67.4,67.96,67.27,67.84,17750900
2017-07-13,68.17,68.69,67.99,68.43,20269800
2017-07-14,68.88,69.86,68.61,69.39,25868100
2017-07-17,69.41,70.03,69.33,69.94,21803900
2017-07-18,69.69,69.97,69.28,69.89,26435300
2017-07-19,70.08,70.59,70.03,70.42,22416200
2017-07-20,70.73,70.84,69.87,70.76,42361000
2017-07-21,70.03,70.83,69.76,70.35,46717100
2017-07-24,70.11,70.32,69.73,70.17,21394800
2017-07-25,70.36,70.85,70.08,70.74,22018700
2017-07-26,70.88,70.92,70.37,70.6,16252200
2017-07-27,70.33,70.96,68.95,69.75,36844200
2017-07-28,69.29,69.9,69.16,69.64,18306700
2017-07-31,69.89,70.02,69.04,69.32,23600100
2017-08-01,69.7,70.0,69.12,69.2,22132300
2017-08-02,69.17,69.18,68.11,68.9,26499200
2017-08-03,68.83,69.07,68.51,68.79,18214400
2017-08-04,69.03,69.64,68.88,69.3,22579000
2017-08-07,69.41,69.51,68.9,69.03,18705700
2017-08-08,68.73,69.73,68.41,69.4,22044600
2017-08-09,68.89,69.13,68.7,69.1,22213400
2017-08-10,68.55,68.83,68.03,68.09,24734500
2017-08-11,68.28,69.32,67.96,69.12,21443700
2017-08-14,69.66,70.29,69.55,70.16,20096600
2017-08-15,70.54,70.54,70.01,70.18,19181400
2017-08-16,70.3,71.03,70.14,70.6,18150400
2017-08-17,70.53,70.81,69.4,69.4,22977500
2017-08-18,69.27,69.82,68.95,69.48,18761500
2017-08-21,69.46,69.47,68.73,69.16,17734800
2017-08-22,69.35,70.2,69.35,70.13,14343700
2017-08-23,69.93,70.12,69.52,69.7,13766500
2017-08-24,69.72,69.84,69.08,69.68,17098300
2017-08-25,69.84,70.31,69.47,69.8,12794300
2017-08-28,70.03,70.06,69.54,69.81,14569700
2017-08-29,69.25,70.13,69.06,70.02,11478400
2017-08-30,69.98,71.13,69.81,70.94,16897800
2017-08-31,70.96,71.85,70.74,71.67,27652800
2017-09-01,71.61,71.64,70.59,70.87,21736200
2017-09-05,70.3,70.83,69.95,70.56,21556000
2017-09-06,70.68,70.97,70.31,70.36,16535800
2017-09-07,70.62,71.51,70.55,71.26,17471200
2017-09-08,71.25,71.35,70.78,70.91,14703800
2017-09-11,71.23,71.83,71.23,71.66,17910400
2017-09-12,71.66,72.12,71.29,71.58,14394900
2017-09-13,71.82,72.11,71.46,72.09,13380800
2017-09-14,71.89,72.36,71.43,71.67,15733900
2017-09-15,71.73,72.26,71.0,72.19,38578400
2017-09-18,72.11,72.82,71.93,72.04,23307000
2017-09-19,72.09,72.57,71.9,72.31,16093300
2017-09-20,72.22,72.42,71.23,71.83,21587900
2017-09-21,71.99,72.12,71.04,71.13,19186100
2017-09-22,70.92,71.42,70.79,71.32,14111400
2017-09-25,71.02,71.17,69.9,70.22,24149200
2017-09-26,70.61,70.75,69.96,70.22,18019600
2017-09-27,70.5,71.09,70.14,70.79,19565100
2017-09-28,70.49,70.9,70.27,70.81,10883800
2017-09-29,70.87,71.45,70.82,71.4,17079100
2017-10-02,71.61,71.9,71.22,71.52,15304800
2017-10-03,71.57,71.77,71.11,71.18,12190400
2017-10-04,71.02,71.62,70.65,71.59,13317700
2017-10-05,72.1,72.96,71.85,72.82,21195300
2017-10-06,72.53,72.88,72.41,72.85,13959800
2017-10-09,72.82,73.38,72.71,73.13,11386500
2017-10-10,73.16,73.45,72.98,73.13,13944500
2017-10-11,73.19,73.29,72.8,73.25,15388900
2017-10-12,73.32,74.08,73.2,73.92,16876500
2017-10-13,74.37,74.64,74.08,74.28,15335700
2017-10-16,74.21,74.58,74.14,74.43,12380100
2017-10-17,74.26,74.4,74.05,74.37,16824000
2017-10-18,74.45,74.62,74.16,74.39,13300700
2017-10-19,74.35,74.7,74.14,74.68,15092800
2017-10-20,75.07,75.69,74.98,75.54,22866400
2017-10-23,75.71,76.05,75.49,75.56,20627200
2017-10-24,75.63,75.92,75.21,75.59,17517200
2017-10-25,75.32,75.82,74.77,75.37,20410800
2017-10-26,75.92,76.13,75.48,75.49,32120700
2017-10-27,80.87,82.62,80.14,80.33,71066700
2017-10-30,80.23,80.83,79.66,80.41,31756700
2017-10-31,80.86,80.86,79.66,79.73,27086600
2017-11-01,80.21,80.29,79.44,79.73,22307400
2017-11-02,79.89,80.96,79.67,80.56,23992900
2017-11-03,80.59,81.03,79.94,80.65,17633500
2017-11-06,80.71,81.19,80.59,80.97,19860900
2017-11-07,81.25,81.38,80.45,80.77,17939700
2017-11-08,80.65,81.1,80.35,81.05,18034200
2017-11-09,80.62,80.77,79.46,80.6,21178400
2017-11-10,80.31,80.61,79.78,80.39,19397800
2017-11-13,80.19,80.46,80.0,80.45,14196900
2017-11-14,80.04,80.61,79.54,80.56,18801300
2017-11-15,80.41,80.62,79.66,79.94,19383100
2017-11-16,80.05,80.36,79.9,80.15,20962800
2017-11-17,80.07,80.07,79.23,79.38,22079000
2017-11-20,79.38,79.56,79.23,79.5,16315000
2017-11-21,79.71,80.77,79.71,80.65,21237500
2017-11-22,80.76,80.82,80.0,80.06,20553100
2017-11-24,79.97,80.37,79.75,80.21,7425600
2017-11-27,80.26,80.9,80.25,80.8,18265200
2017-11-28,80.99,81.94,80.94,81.77,21926000
2017-11-29,81.6,81.81,80.13,80.28,27381100
2017-11-30,80.45,81.42,80.28,81.08,33054600
2017-12-01,80.54,81.7,80.17,81.17,29532100
2017-12-04,81.33,81.33,77.74,78.11,39094900
2017-12-05,78.36,79.65,78.01,78.6,26152300
2017-12-06,78.56,80.09,78.44,79.75,26162100
2017-12-07,79.51,79.76,78.99,79.47,23184500
2017-12-08,80.56,81.48,80.28,81.07,24489100
2017-12-11,81.2,82.24,81.04,82.11,22857900
2017-12-12,82.18,82.9,81.96,82.44,23924100
2017-12-13,82.6,82.85,82.05,82.22,22062700
2017-12-14,82.3,82.72,81.43,81.59,19306000
2017-12-15,82.13,83.9,81.77,83.67,53936700
2017-12-18,83.93,84.29,83.07,83.21,22283800
2017-12-19,83.18,83.18,82.14,82.68,23524800
2017-12-20,83.04,83.14,81.6,82.38,23674900
2017-12-21,82.9,82.94,82.27,82.37,17990700
2017-12-22,82.27,82.49,81.81,82.38,14145800
2017-12-26,82.18,82.39,81.91,82.27,9891200
2017-12-27,82.51,82.83,82.1,82.57,14678000
2017-12-28,82.75,82.78,82.41,82.58,10594300
2017-12-29,82.49,82.9,82.37,82.4,18717400
2018-01-02,82.97,83.15,82.37,82.8,22483800
2018-01-03,82.9,83.34,82.82,83.18,26061400
2018-01-04,83.42,84.45,83.4,83.92,21912000
2018-01-05,84.45,85.17,84.22,84.96,23407100
2018-01-08,84.97,85.33,84.39,85.04,22113000
2018-01-09,85.4,85.48,84.64,84.99,19484300
2018-01-10,84.64,84.96,84.21,84.6,18652200
2018-01-11,84.9,84.9,84.04,84.85,17808900
2018-01-12,85.42,86.49,85.21,86.32,24271500
2018-01-16,86.8,87.46,84.78,85.11,36599700
2018-01-17,85.81,86.97,85.5,86.84,25621200
2018-01-18,86.51,87.35,86.37,86.8,24159700
2018-01-19,86.84,87.29,86.37,86.7,36875000
2018-01-22,86.7,88.26,86.45,88.25,23601600
2018-01-23,88.53,88.92,88.18,88.53,23412800
2018-01-24,89.16,90.0,88.22,88.45,33277500
2018-01-25,89.08,89.82,88.56,88.95,26383200
2018-01-26,89.71,90.61,89.19,90.61,29172200
2018-01-29,91.65,91.95,90.28,90.48,31569900
2018-01-30,89.88,90.23,88.72,89.34,38635100
2018-01-31,90.31,91.9,90.08,91.53,48756300
2018-02-01,91.31,92.55,90.15,90.8,47227900
2018-02-02,90.21,90.52,88.15,88.42,47867800
2018-02-05,87.24,89.82,84.77,84.77,51031500
2018-02-06,83.7,88.13,82.12,87.98,67998600
2018-02-07,87.17,88.41,85.93,86.32,41107600
2018-02-08,86.42,86.58,81.65,81.89,55628700
2018-02-09,83.14,85.67,80.76,84.95,63499100
2018-02-12,85.49,86.49,84.71,85.86,35720300
2018-02-13,85.67,86.7,84.58,86.54,26407700
2018-02-14,85.67,88.07,85.57,87.89,34960900
2018-02-15,88.28,89.74,87.71,89.68,27823900
2018-02-16,89.48,90.5,88.85,89.04,30596900
2018-02-20,88.54,90.07,88.09,89.74,30911700
2018-02-21,89.99,90.36,88.55,88.55,26922500
2018-02-22,89.09,89.75,88.42,88.78,24392800
2018-02-23,90.59,91.05,89.39,91.04,26329200
2018-02-26,91.37,92.38,91.22,92.35,30199800
2018-02-27,92.66,92.76,91.17,91.17,25869100
2018-02-28,91.79,92.63,90.62,90.76,31167300
2018-03-01,90.97,91.53,88.89,89.87,37135600
2018-03-02,88.64,90.16,87.94,90.06,32830400
2018-03-05,89.37,91.24,89.3,90.63,23901600
2018-03-06,91.31,91.45,89.95,90.32,22175800
2018-03-07,90.17,90.92,89.46,90.84,26716100
2018-03-08,91.24,92.04,90.76,91.4,25887800
2018-03-09,92.23,93.44,91.95,93.44,36937300
2018-03-12,93.4,94.09,92.95,93.66,26073700
2018-03-13,93.88,94.12,90.95,91.38,35387800
2018-03-14,92.06,92.34,90.5,90.83,32132000
2018-03-15,90.52,91.54,89.85,91.15,27611000
2018-03-16,91.64,92.31,90.9,91.56,49081300
2018-03-19,90.73,90.88,89.15,89.9,33344100
2018-03-20,90.06,90.76,90.01,90.14,23075200
2018-03-21,89.94,91.03,89.25,89.51,24457100
2018-03-22,88.34,88.8,86.78,86.9,38604700
2018-03-23,86.62,87.55,84.28,84.38,44068900
2018-03-26,87.7,90.98,87.49,90.77,56396800
2018-03-27,91.89,92.08,85.67,86.59,56569000
2018-03-28,86.93,88.3,86.01,86.52,52501100
2018-03-29,87.28,89.32,85.56,88.34,45867500
2018-04-02,87.56,87.96,84.7,85.68,48515400
2018-04-03,86.7,87.16,85.07,86.83,37213800
2018-04-04,85.03,89.78,84.91,89.36,35560000
2018-04-05,89.47,90.08,88.46,89.41,29771900
2018-04-06,88.55,89.49,86.6,87.33,38026000
2018-04-09,88.11,90.18,87.71,87.85,31533900
2018-04-10,89.42,90.28,88.7,89.9,26812000
2018-04-11,89.05,90.29,88.54,88.91,24872100
2018-04-12,89.46,91.13,89.46,90.57,26758900
2018-04-13,91.03,91.15,89.47,90.09,23346100
2018-04-16,91.05,91.62,90.42,91.14,20288100
2018-04-17,91.95,93.44,91.83,92.98,26771000
2018-04-18,93.13,93.61,92.45,93.34,21043300
2018-04-19,93.34,93.95,92.28,93.02,23552500
2018-04-20,92.83,93.02,91.03,91.95,31154400
2018-04-23,92.66,93.2,91.59,92.29,22331800
2018-04-24,93.15,93.37,89.44,90.13,34524800
2018-04-25,90.3,90.3,87.38,89.34,33729300
2018-04-26,90.54,92.09,90.11,91.23,42529000
2018-04-27,94.46,94.75,90.89,92.74,48272800
2018-04-30,93.23,93.3,90.16,90.51,41523600
2018-05-01,90.21,92.23,89.81,91.95,31408900
2018-05-02,91.94,92.11,90.2,90.51,27471000
2018-05-03,89.97,91.88,89.48,91.05,31142500
2018-05-04,90.32,92.31,89.93,92.1,22531300
2018-05-07,92.11,93.6,92.04,93.13,24242000
2018-05-08,92.77,93.07,92.01,92.73,23484600
2018-05-09,92.92,93.85,92.0,93.82,27327400
2018-05-10,94.33,94.8,93.93,94.76,22388100
2018-05-11,94.66,94.72,93.92,94.56,16778300
2018-05-14,94.77,95.52,94.18,94.88,19454100
2018-05-15,94.12,94.71,93.24,94.19,24594000
2018-05-16,94.64,94.68,93.92,94.44,17384700
2018-05-17,94.06,94.81,93.15,93.49,17246700
2018-05-18,93.33,94.22,93.33,93.67,17865800
2018-05-21,94.29,95.27,94.1,94.87,19422500
2018-05-22,94.95,95.43,94.48,94.78,15441200
2018-05-23,94.01,95.97,93.63,95.9,21251200
2018-05-24,95.97,96.18,94.11,95.56,26649300
2018-05-25,95.55,96.21,95.13,95.61,18363900
2018-05-29,95.11,96.12,94.51,95.27,28671000
2018-05-30,95.56,96.48,95.17,96.19,22158500
2018-05-31,96.52,97.2,95.85,96.08,34140900
2018-06-01,96.51,98.04,96.4,97.97,28655600
2018-06-04,98.43,99.01,98.03,98.83,27281600
2018-06-05,99.15,99.47,98.69,99.33,23514400
2018-06-06,99.62,99.73,99.05,99.63,21122900
2018-06-07,99.78,99.82,97.58,98.06,28232200
2018-06-08,98.27,99.1,97.73,98.79,22165100
2018-06-11,98.19,98.75,97.86,98.23,23490900
2018-06-12,98.28,98.62,97.93,98.48,18325200
2018-06-13,98.88,99.16,97.75,98.03,29492900
2018-06-14,98.81,99.18,98.18,98.59,25691800
2018-06-15,98.67,98.69,97.27,97.33,65738600
2018-06-18,97.22,98.28,96.64,98.04,23586000
2018-06-19,96.87,98.18,96.72,98.04,28653100
2018-06-20,98.54,99.66,98.29,99.02,26180800
2018-06-21,99.23,99.6,98.06,98.31,23198200
2018-06-22,97.6,97.95,96.85,97.6,38923100
2018-06-25,97.21,97.31,94.58,95.64,35433300
2018-06-26,96.06,97.28,95.99,96.31,26897200
2018-06-27,96.8,97.23,94.68,94.81,31298400
2018-06-28,94.66,96.34,94.54,95.87,26650700
2018-06-29,96.17,97.12,95.58,95.85,28053200
2018-07-02,95.36,97.26,95.26,97.22,19564500
2018-07-03,97.67,97.82,96.18,96.28,14670300
2018-07-05,96.72,97.13,96.26,96.97,18977400
2018-07-06,97.1,98.6,96.89,98.33,19234600
2018-07-09,98.81,99.39,98.42,99.0,18212000
2018-07-10,99.15,99.65,99.01,99.27,19293100
2018-07-11,98.32,99.48,98.28,99.13,19644600
2018-07-12,99.9,101.49,99.86,101.28,24335900
2018-07-13,101.45,102.65,101.18,102.48,24635200
2018-07-16,102.46,102.86,101.6,101.98,21786900
2018-07-17,101.69,103.52,101.41,102.99,25901700
2018-07-18,102.98,103.09,101.79,102.18,29493900
2018-07-19,102.0,102.37,100.99,101.48,40171600
2018-07-20,105.06,105.18,103.12,103.3,56004000
2018-07-23,103.33,105.12,103.16,104.95,29707000
2018-07-24,105.54,105.78,104.26,104.65,26316600
2018-07-25,104.94,108.04,104.59,107.73,30702100
2018-07-26,107.65,107.9,106.44,106.56,31372100
2018-07-27,107.1,107.1,103.17,104.67,37005300
2018-07-30,104.2,104.53,101.83,102.43,34668300
2018-07-31,103.51,103.74,102.44,103.12,27655200
2018-08-01,103.07,103.48,102.47,103.31,23628700
2018-08-02,102.46,105.07,101.91,104.56,26104300
2018-08-03,104.79,105.03,103.84,105.02,18659600
2018-08-06,105.1,105.39,104.55,105.11,20265900
2018-08-07,105.53,106.05,105.15,105.84,16080200
2018-08-08,106.28,106.68,105.72,106.43,15487500
2018-08-09,106.64,107.08,106.54,106.61,13677200
2018-08-10,106.36,106.63,105.35,105.95,18183700
2018-08-13,106.19,106.52,105.08,105.19,18472500
2018-08-14,105.53,106.68,105.02,106.5,16788300
2018-08-15,105.86,106.35,104.23,105.05,29982800
2018-08-16,105.68,106.23,104.7,105.04,21384300
2018-08-17,104.76,105.29,104.11,104.98,18061500
2018-08-20,104.91,105.29,103.9,104.28,17914200
2018-08-21,104.33,104.75,103.29,103.42,22881900
2018-08-22,103.29,104.74,103.22,104.47,18000600
2018-08-23,104.56,105.56,104.28,104.96,18167700
2018-08-24,105.06,105.93,104.96,105.78,17234000
2018-08-27,106.63,106.99,105.88,106.95,19662300
2018-08-28,107.28,107.83,107.13,107.59,19151500
2018-08-29,107.78,109.32,107.6,109.31,20818000
2018-08-30,108.97,109.88,108.74,109.24,22798700
2018-08-31,108.99,110.05,108.82,109.61,23222700
2018-09-04,108.17,109.25,107.55,109.01,22634600
2018-09-05,108.32,108.72,105.48,105.86,32872400
2018-09-06,105.63,106.35,104.91,106.11,23477600
2018-09-07,105.61,106.09,104.64,105.59,22498600
2018-09-10,106.21,106.99,105.74,106.73,20727900
2018-09-11,106.26,108.89,106.25,108.55,24301800
2018-09-12,108.73,109.14,107.84,109.01,18891100
2018-09-13,109.41,110.98,109.41,110.18,26055600
2018-09-14,110.62,110.98,109.72,110.63,19122300
2018-09-17,110.94,110.95,109.15,109.43,20736500
2018-09-18,109.48,110.95,109.02,110.47,22170900
2018-09-19,110.31,110.58,108.35,109.0,21728400
2018-09-20,109.56,111.05,109.22,110.82,23714500
2018-09-21,111.24,112.5,110.76,111.49,71229700
2018-09-24,110.29,112.12,109.5,111.9,27334500
2018-09-25,112.02,112.31,111.0,111.68,22668000
2018-09-26,111.7,112.28,110.99,111.22,19352000
2018-09-27,112.0,112.13,111.44,111.64,19091300
2018-09-28,111.43,111.8,110.93,111.6,21647800
2018-10-01,111.97,112.88,111.95,112.81,18883100
2018-10-02,112.51,113.04,111.67,112.36,20787200
2018-10-03,112.63,113.37,112.15,112.38,16648000
2018-10-04,111.84,111.98,108.93,110.06,34821700
2018-10-05,109.9,110.43,107.96,109.42,29068900
2018-10-08,108.96,109.32,106.69,108.17,29640600
2018-10-09,108.45,110.34,108.12,109.54,26198600
2018-10-10,108.55,108.8,103.23,103.59,61376300
2018-10-11,102.8,106.29,101.68,103.35,63904300
2018-10-12,106.37,108.55,104.53,106.92,47742100
2018-10-15,106.27,106.83,104.36,105.0,32068100
2018-10-16,106.89,108.71,106.31,108.31,31610200
2018-10-17,108.98,109.1,106.9,108.03,26548200
2018-10-18,107.44,107.86,105.22,105.87,32506200
2018-10-19,106.29,108.18,105.59,106.03,32785500
2018-10-22,106.67,107.86,105.62,106.98,26545600
2018-10-23,105.16,106.33,102.57,105.48,43770400
2018-10-24,105.79,105.86,99.13,99.84,63897800
2018-10-25,103.97,106.63,103.58,105.68,61646800
2018-10-26,103.13,106.12,102.22,104.37,55523100
2018-10-29,105.49,106.07,99.17,101.34,55162000
2018-10-30,101.15,101.85,97.69,101.22,65350900
2018-10-31,102.89,105.52,102.84,104.23,51062400
2018-11-01,104.46,104.72,102.98,103.36,33384200
2018-11-02,103.9,104.72,102.44,103.59,37680200
2018-11-05,103.8,105.13,103.34,104.91,27922100
2018-11-06,104.78,106.21,103.71,105.11,24340200
2018-11-07,106.79,109.52,106.75,109.25,37901700
2018-11-08,109.09,109.49,108.23,109.05,25644100
2018-11-09,108.17,108.75,106.13,106.92,32039200
2018-11-12,106.77,107.3,103.53,104.28,33621800
2018-11-13,104.95,106.11,104.06,104.35,35374600
2018-11-14,105.94,106.1,102.38,102.87,39495100
2018-11-15,102.89,105.65,101.83,105.14,38505200
2018-11-16,104.94,106.7,104.67,106.13,33502100
2018-11-19,106.11,106.39,101.48,102.53,44773900
2018-11-20,99.77,100.91,97.36,99.68,64052500
2018-11-21,101.53,102.34,100.2,101.05,28130600
2018-11-23,100.13,101.74,99.96,101.01,13823100
2018-11-26,102.7,104.5,102.49,104.34,32336200
2018-11-27,104.15,105.19,103.25,105.0,29124500
2018-11-28,105.73,109.11,105.7,108.9,46788500
2018-11-29,108.13,108.9,106.85,107.99,28123200
2018-11-30,108.49,108.75,107.17,108.67,33665600
2018-12-03,110.74,111.15,108.52,109.85,34732800
2018-12-04,109.7,110.39,106.05,106.35,45197000
2018-12-06,103.71,107.06,102.9,107.01,49107400
2018-12-07,106.21,107.26,102.22,102.73,45044900
2018-12-10,102.71,105.82,101.81,105.44,40801500
2018-12-11,107.61,108.73,105.29,106.42,42381900
2018-12-12,108.67,109.05,106.86,106.9,36183000
2018-12-13,107.39,108.65,106.46,107.26,31333400
2018-12-14,106.09,107.08,103.39,103.91,47043100
2018-12-17,103.3,103.69,99.68,100.83,56957300
2018-12-18,101.68,102.42,100.47,101.89,49319200
2018-12-19,101.58,104.74,99.32,101.62,68198200
2018-12-20,100.99,102.23,96.81,99.48,70334200
2018-12-21,99.6,100.94,95.51,96.27,111242100
2018-12-24,95.73,96.01,92.1,92.25,43935200
2018-12-26,93.24,98.68,92.08,98.55,51634800
2018-12-27,97.32,99.17,94.47,99.16,49498500
2018-12-28,100.05,100.36,97.53,98.38,38196300
2018-12-31,99.27,100.35,98.43,99.54,33173800
2019-01-02,97.56,99.72,96.96,99.1,35329300
2019-01-03,98.1,98.19,95.26,95.45,42579100
2019-01-04,97.73,100.46,96.95,99.89,44060600
2019-01-07,99.61,101.21,98.96,100.02,35656100
2019-01-08,100.98,101.89,99.68,100.75,31514400
2019-01-09,101.78,102.78,101.18,102.19,32280800
2019-01-10,101.16,101.68,100.33,101.53,30067600
2019-01-11,101.13,101.37,99.61,100.75,28314200
2019-01-14,99.86,100.81,99.24,100.01,28437100
2019-01-15,100.46,102.95,99.84,102.91,31587600
2019-01-16,103.16,104.14,102.86,103.27,29853900
2019-01-17,102.9,104.5,102.67,104.0,28393000
2019-01-18,105.31,105.74,103.79,105.56,37427600
2019-01-22,104.62,104.96,102.76,103.57,32371300
2019-01-23,104.0,104.9,103.23,104.58,25874300
2019-01-24,104.72,104.86,103.23,104.08,23164800
2019-01-25,105.1,105.72,104.08,105.03,31225600
2019-01-28,104.14,104.35,102.57,102.98,29476700
2019-01-29,102.78,102.87,100.13,100.88,31490500
2019-01-30,102.53,104.25,102.25,104.25,49471900
2019-01-31,101.73,103.12,101.12,102.34,55636400
2019-02-01,101.71,102.02,100.3,100.73,35535700
2019-02-04,100.81,103.69,100.72,103.63,31315100
2019-02-05,103.94,105.13,103.84,105.08,27325400
2019-02-06,104.86,104.86,103.42,103.91,20609800
2019-02-07,103.09,103.48,102.21,103.17,29760700
2019-02-08,102.3,103.67,102.18,103.56,21461100
2019-02-11,104.08,104.45,102.87,103.15,18914100
2019-02-12,104.02,105.0,103.37,104.75,25056600
2019-02-13,105.35,105.63,104.58,104.68,18394900
2019-02-14,104.19,105.15,103.55,104.76,21784700
2019-02-15,105.75,106.14,105.21,106.06,26606900
2019-02-19,105.64,106.49,105.63,106.01,18038500
2019-02-20,106.16,106.23,104.61,105.46,21607700
2019-02-21,105.21,107.75,105.18,107.68,29063200
2019-02-22,108.31,109.44,108.08,109.22,27763200
2019-02-25,109.99,110.41,109.5,109.83,23750600
2019-02-26,109.5,111.45,109.41,110.58,21536700
2019-02-27,109.93,110.58,109.13,110.4,21487100
2019-02-28,110.27,111.1,109.96,110.26,29083900
2019-03-01,111.11,111.23,109.91,110.75,23501200
2019-03-04,111.23,111.46,109.05,110.49,26608000
2019-03-05,110.48,110.61,109.47,109.94,19538300
2019-03-06,110.1,110.88,109.67,109.98,17687000
2019-03-07,109.64,109.79,108.13,108.65,25339000
2019-03-08,107.44,108.96,107.08,108.76,22818400
2019-03-11,109.24,111.17,109.23,111.05,26491600
2019-03-12,111.04,112.19,110.87,111.82,26132700
2019-03-13,112.33,113.18,111.98,112.69,35513800
2019-03-14,112.73,113.38,112.52,112.78,30763400
2019-03-15,113.52,115.4,112.78,114.08,54681100
2019-03-18,114.33,115.75,114.22,115.71,31207600
2019-03-19,116.22,116.57,115.14,115.79,37588700
2019-03-20,115.54,116.87,114.87,115.66,28113300
2019-03-21,115.29,118.91,115.24,118.32,29854400
2019-03-22,117.61,117.7,115.19,115.2,33624500
2019-03-25,114.72,116.15,114.48,115.8,27067100
2019-03-26,116.75,116.83,115.0,116.05,26097700
2019-03-27,116.02,116.34,113.69,114.93,22733400
2019-03-28,115.58,115.72,114.3,115.08,18334800
2019-03-29,116.2,116.45,115.11,116.08,25399800
2019-04-01,117.07,117.23,116.23,117.14,22789100
2019-04-02,117.18,117.59,116.65,117.31,18142300
2019-04-03,117.97,118.53,117.27,118.07,22860700
2019-04-04,118.2,118.33,116.51,117.47,20112800
2019-04-05,117.5,118.33,117.48,118.0,15826200
2019-04-08,117.92,118.12,116.77,118.04,15116200
2019-04-09,116.76,117.65,116.71,117.4,17612000
2019-04-10,117.87,118.45,117.65,118.29,16477200
2019-04-11,118.64,118.94,118.03,118.43,14209100
2019-04-12,118.73,119.07,118.47,119.04,19745100
2019-04-15,119.03,119.66,118.67,119.14,15792600
2019-04-16,119.72,119.73,118.2,118.86,14071800
2019-04-17,119.32,119.92,118.64,119.85,19300900
2019-04-18,120.26,121.57,119.38,121.42,27991000
2019-04-22,120.68,122.04,120.63,121.8,15648700
2019-04-23,122.14,123.6,121.87,123.46,24025500
2019-04-24,123.8,123.86,122.55,123.03,31257000
2019-04-25,128.01,129.29,126.79,127.11,38033900
2019-04-26,127.65,128.46,126.98,127.84,23654900
2019-04-29,127.85,128.12,127.31,127.72,16324200
2019-04-30,127.76,128.64,127.35,128.54,24166500
2019-05-01,128.47,128.59,125.68,125.86,26821700
2019-05-02,125.96,125.98,123.54,124.22,27350200
2019-05-03,125.35,127.39,125.24,126.86,24911100
2019-05-06,124.39,126.53,124.12,126.13,24239800
2019-05-07,124.46,125.17,122.26,123.54,36017700
2019-05-08,123.46,124.37,122.78,123.53,28419000
2019-05-09,122.33,123.8,121.62,123.52,27235800
2019-05-10,122.94,125.91,121.86,125.12,30915100
2019-05-13,122.15,123.57,121.1,121.4,33944900
2019-05-14,121.91,123.89,121.75,122.76,25266300
2019-05-15,122.75,125.17,122.2,124.49,24722700
2019-05-16,125.21,127.81,124.92,127.36,30112200
2019-05-17,126.75,128.87,126.37,126.51,25770500
2019-05-20,124.98,126.04,124.23,124.69,23706900
2019-05-21,125.88,125.98,125.04,125.36,15293300
2019-05-22,125.08,126.68,124.98,126.12,15396500
2019-05-23,124.67,124.75,123.22,124.65,23603800
2019-05-24,125.37,125.87,124.44,124.71,14123400
2019-05-28,125.44,126.44,124.52,124.63,23128400
2019-05-29,123.86,123.87,122.53,123.42,22763100
2019-05-30,123.74,124.23,123.26,124.2,16829600
2019-05-31,122.72,123.11,121.82,122.18,26646800
2019-06-03,122.34,122.86,117.56,118.38,37983600
2019-06-04,119.81,121.78,119.18,121.66,29382600
2019-06-05,123.43,124.34,122.7,124.3,24926100
2019-06-06,124.9,126.41,124.07,126.27,21459000
2019-06-07,127.62,130.64,126.7,129.8,33885600
2019-06-10,130.79,132.45,130.4,130.99,26477100
2019-06-11,132.25,132.61,129.68,130.49,23913700
2019-06-12,129.8,130.37,129.12,129.89,17084700
2019-06-13,130.38,131.38,129.96,130.71,17200800
2019-06-14,130.65,132.16,130.04,130.84,17821700
2019-06-17,131.02,132.1,130.92,131.24,14517800
2019-06-18,132.56,133.6,131.95,133.52,25934500
2019-06-19,133.36,134.28,132.18,134.04,23744400
2019-06-20,135.78,135.99,134.07,135.29,33042600
2019-06-21,134.92,136.06,134.8,135.31,36727900
2019-06-24,135.33,136.72,135.33,136.11,20628800
2019-06-25,135.58,135.92,131.12,131.81,33327400
2019-06-26,132.72,134.09,131.98,132.3,23657700
2019-06-27,132.51,133.07,131.89,132.52,16557500
2019-06-28,132.93,132.96,131.54,132.33,30043000
2019-07-01,134.97,135.04,133.33,134.03,22654200
2019-07-02,134.47,134.93,133.69,134.92,15237800
2019-07-03,135.14,136.07,134.63,135.79,13629300
2019-07-05,134.29,135.66,134.07,135.39,18141100
2019-07-08,134.74,135.43,133.72,135.3,16779700
2019-07-09,134.35,135.31,134.15,134.8,19953100
2019-07-10,135.46,136.9,135.35,136.17,24204400
2019-07-11,136.52,137.53,136.19,136.72,22327900
2019-07-12,137.16,137.44,136.33,137.21,18936800
2019-07-15,137.75,137.84,136.78,137.21,16651500
2019-07-16,137.27,137.36,134.86,135.41,22726100
2019-07-17,136.03,136.25,134.56,134.61,20211000
2019-07-18,133.9,134.96,133.03,134.76,30808700
2019-07-19,138.52,138.96,134.79,134.96,48992400
2019-07-22,135.74,137.5,135.66,136.75,25074900
2019-07-23,138.06,138.29,136.35,137.6,18034600
2019-07-24,137.21,139.03,137.16,139.01,20738300
2019-07-25,138.72,138.9,137.63,138.49,18356900
2019-07-26,138.66,139.96,138.59,139.62,19037600
2019-07-29,139.78,139.79,137.68,139.32,16605900
2019-07-30,138.44,139.5,138.1,138.64,16846500
2019-07-31,138.62,138.78,133.44,134.61,38598800
2019-08-01,135.33,139.23,135.27,136.38,40557500
2019-08-02,136.41,136.64,133.62,135.24,30791600
2019-08-05,131.68,132.3,129.19,130.6,42749600
2019-08-06,132.17,134.03,131.59,133.05,32696700
2019-08-07,132.16,134.0,130.23,133.64,33414500
2019-08-08,134.94,137.3,134.28,137.2,27496500
2019-08-09,136.93,137.69,134.8,136.04,23466700
2019-08-12,135.4,136.18,133.6,134.14,20476600
2019-08-13,134.4,137.11,133.36,136.92,25154600
2019-08-14,135.15,135.71,132.48,132.79,32527300
2019-08-15,133.2,133.39,131.08,132.49,28074400
2019-08-16,133.68,135.25,133.53,134.92,24449100
2019-08-19,136.63,137.32,135.68,137.18,24355700
2019-08-20,136.98,137.48,136.02,136.04,21170800
2019-08-21,137.32,138.25,136.78,137.56,14970300
2019-08-22,137.43,137.97,135.08,136.56,18697000
2019-08-23,135.97,137.12,131.62,132.21,38508600
2019-08-26,133.79,134.36,132.71,134.25,20312600
2019-08-27,135.18,135.51,133.47,134.54,23102100
2019-08-28,133.68,134.56,132.37,134.36,17393300
2019-08-29,136.03,137.21,135.7,136.9,20168700
2019-08-30,137.92,137.95,135.06,136.64,23940100
2019-09-03,135.4,135.98,134.5,134.83,18869300
2019-09-04,136.08,136.47,135.27,136.41,17995900
2019-09-05,137.88,139.14,137.53,138.81,26101800
2019-09-06,138.79,138.94,136.97,137.87,20824500
2019-09-09,138.35,138.51,135.25,136.3,25773900
2019-09-10,135.59,135.68,133.32,134.87,28903400
2019-09-11,134.7,135.06,133.89,134.91,24726100
2019-09-12,136.63,137.19,135.66,136.3,27010000
2019-09-13,136.56,136.84,135.36,136.1,23363100
2019-09-16,134.63,135.49,134.46,135.12,16731400
2019-09-17,135.75,136.3,135.22,136.17,17814200
2019-09-18,136.14,137.44,135.32,137.29,23982100
2019-09-19,139.06,141.11,138.83,139.82,35772100
2019-09-20,139.76,140.39,137.02,138.2,39167300
2019-09-23,138.0,138.39,137.21,137.91,17139300
2019-09-24,139.12,139.44,135.67,136.16,29773200
2019-09-25,136.28,138.72,134.82,138.12,21382000
2019-09-26,138.2,138.94,137.21,138.3,17456600
2019-09-27,138.91,139.12,135.44,136.51,22477700
2019-09-30,136.83,137.99,136.56,137.8,17280900
2019-10-01,138.42,139.01,135.79,135.85,21466600
2019-10-02,135.04,135.16,132.4,133.46,30521700
2019-10-03,133.75,135.54,132.04,135.07,24132900
2019-10-04,135.54,137.02,135.21,136.9,22897700
2019-10-07,135.92,136.95,135.81,135.9,15303700
2019-10-08,135.86,136.54,134.42,134.47,25550500
2019-10-09,136.24,137.47,135.76,137.01,19749900
2019-10-10,137.26,138.43,137.02,137.87,17654600
2019-10-11,138.88,139.78,138.26,138.44,25446000
2019-10-14,138.45,139.05,138.28,138.31,13304300
2019-10-15,138.82,140.53,138.57,140.31,19695700
2019-10-16,139.54,139.74,138.29,139.17,20751600
2019-10-17,139.7,140.17,137.79,138.45,21460600
2019-10-18,138.52,138.76,135.35,136.19,32273500
2019-10-21,137.22,137.27,135.8,137.2,20078200
2019-10-22,137.74,138.77,135.05,135.16,27431000
2019-10-23,135.67,136.23,134.41,136.02,29844600
2019-10-24,138.15,139.18,137.44,138.7,37029300
2019-10-25,138.1,139.89,137.97,139.48,25959700
2019-10-28,143.12,144.38,142.24,142.91,35280100
2019-10-29,142.8,143.22,141.39,141.56,20589500
2019-10-30,142.25,143.71,141.52,143.33,18496600
2019-10-31,143.62,143.64,141.72,142.1,24605100
2019-11-01,142.98,143.14,141.7,142.45,33128400
2019-11-04,143.55,143.71,142.88,143.27,16912000
2019-11-05,143.68,143.73,142.63,143.18,18250200
2019-11-06,143.09,143.24,141.93,142.78,16575800
2019-11-07,142.56,143.6,142.5,142.98,17786700
2019-11-08,142.7,144.7,142.49,144.67,16732700
2019-11-11,144.05,145.12,143.45,144.81,14362600
2019-11-12,144.98,146.26,144.76,145.77,18641600
2019-11-13,145.44,146.15,144.98,146.0,16919200
2019-11-14,145.72,147.09,145.7,146.75,19729800
2019-11-15,147.61,148.66,146.96,148.64,23485700
2019-11-18,148.74,149.22,147.66,149.01,21534000
2019-11-19,149.54,149.99,148.87,149.06,23935700
2019-11-20,149.48,150.01,147.64,148.8,25696800
2019-11-21,148.58,148.98,147.68,148.66,18576100
2019-11-22,149.25,149.47,148.0,148.77,15901800
2019-11-25,149.18,150.52,149.1,150.4,22420900
2019-11-26,150.53,151.58,150.49,151.19,24620100
2019-11-27,151.49,151.66,150.69,151.48,15184400
2019-11-29,151.26,151.46,150.45,150.55,11977300
2019-12-02,150.98,151.0,147.51,148.73,27418400
2019-12-03,146.68,148.61,145.84,148.49,24066000
2019-12-04,149.32,149.35,148.38,149.03,17574700
2019-12-05,149.23,149.49,148.66,149.11,17869100
2019-12-06,150.16,151.04,149.44,150.92,16403500
2019-12-09,150.24,151.37,150.08,150.53,16687400
2019-12-10,150.46,151.06,149.93,150.3,16476100
2019-12-11,150.71,151.04,149.5,150.87,18856600
2019-12-12,150.82,152.6,150.19,152.4,24612100
2019-12-13,152.16,154.04,151.99,153.68,23845400
2019-12-16,154.26,155.04,153.97,154.68,24144200
2019-12-17,154.6,154.85,153.6,153.84,25425600
2019-12-18,153.45,154.63,153.33,153.52,24129200
2019-12-19,153.15,154.91,152.91,154.85,24958900
2019-12-20,156.49,157.62,155.43,156.55,53477500
2019-12-23,157.25,157.25,156.41,156.55,17718200
2019-12-24,156.61,156.84,156.26,156.52,8989200
2019-12-26,156.69,157.86,156.54,157.8,14520600
2019-12-27,158.57,158.67,157.35,158.09,18412800
2019-12-30,158.12,158.15,155.87,156.72,16348400
2019-12-31,155.91,156.9,155.59,156.83,18369400
